"","seasonal","trend","remainder"
"1",-7.58142745894805,8.81594079512476,-5.63451333617671
"2",-4.08277007377887,8.81230783584263,-1.12953776206377
"3",-0.5012557147905,8.80867487656051,1.59258083822999
"4",3.60597427662713,8.80504191727838,2.08898380609449
"5",6.65320349913695,8.80140895799626,1.6453875428668
"6",8.61900440510728,8.79777599871413,1.58321959617859
"7",8.15337678678211,8.794143039432,2.95248017378589
"8",4.92060574192171,8.79051008014988,3.18888417792841
"9",0.379263981514117,8.78687712086775,0.133858897618129
"10",-4.44922142669396,8.78324416158563,0.765977265108335
"11",-7.33913463426801,8.7796112023035,0.459523431964509
"12",-8.37761940436946,8.77597824302138,3.30164116134809
"13",-7.58142745894805,8.77234528373925,-0.190917824791203
"14",-4.08277007377887,8.76871232445712,3.11405774932174
"15",-0.5012557147905,8.765079365175,0.936176349615502
"16",3.60597427662713,8.76144640589287,0.632579317480003
"17",6.65320349913695,8.75781344661075,-0.811016945747694
"18",8.61900440510728,8.75418048732862,-2.0731848924359
"19",8.15337678678211,8.75054752804649,-1.6039243148286
"20",4.92060574192171,8.74691456876437,-1.06752031068608
"21",0.379263981514117,8.74328160948224,-0.822545590996359
"22",-4.44922142669396,8.73964865020012,0.309572776493845
"23",-7.33913463426801,8.73601569091799,0.30311894335002
"24",-8.37761940436946,8.73238273163586,1.34523667273359
"25",-7.58142745894805,8.72874977235374,1.05267768659431
"26",-4.08277007377887,8.72511681307161,-1.14234673929275
"27",-0.5012557147905,8.72148385378949,2.47977186100101
"28",3.60597427662713,8.71785089450736,-1.42382517113449
"29",6.65320349913695,8.71421793522523,-1.36742143436218
"30",8.61900440510728,8.71058497594311,0.970410618949607
"31",8.15337678678211,8.70695201666098,0.0396711965569079
"32",4.92060574192171,8.70331905737886,3.57607520069943
"33",0.379263981514117,8.69968609809673,1.62104992038915
"34",-4.44922142669396,8.69605313881461,-0.946831712120644
"35",-7.33913463426801,8.69242017953248,1.04671445473553
"36",-8.37761940436946,8.68878722025035,-0.911167815880892
"37",-7.58142745894805,8.68515426096823,2.89627319797982
"38",-4.08277007377887,8.68184181342061,1.10092826035826
"39",-0.5012557147905,8.678529365873,-1.97727365108249
"40",3.60597427662713,8.67521691832538,1.0188088050475
"41",6.65320349913695,8.67190447077776,2.27489203008529
"42",8.61900440510728,8.66859202323015,0.412403571662567
"43",8.15337678678211,8.66527957568253,0.08134363753536
"44",4.92060574192171,8.66196712813491,-1.48257287005663
"45",0.379263981514117,8.6586546805873,-0.837918662101417
"46",-4.44922142669396,8.65534223303968,0.193879193654279
"47",-7.33913463426801,8.65202978549207,-4.21289515122406
"48",-8.37761940436946,8.64871733794445,2.02890206642501
"49",-7.58142745894805,8.64540489039683,1.23602256855121
"50",-4.08277007377887,8.64209244284922,-1.75932236907035
"51",-0.5012557147905,8.6387799953016,-1.3375242805111
"52",3.60597427662713,8.63546754775399,-1.04144182438111
"53",6.65320349913695,8.63215510020637,-0.985358599343318
"54",8.61900440510728,8.62884265265875,-0.54784705776604
"55",8.15337678678211,8.62553020511114,-0.878906991893244
"56",4.92060574192171,8.62221775756352,0.957176500514768
"57",0.379263981514117,8.6189053100159,-0.798169291530023
"58",-4.44922142669396,8.61559286246829,2.43362856422567
"59",-7.33913463426801,8.61228041492067,0.426854219347337
"60",-8.37761940436946,8.60896796737306,-0.231348563003596
"61",-7.58142745894805,8.60565551982544,-1.22422806087739
"62",-4.08277007377887,8.60234307227782,0.180427001501043
"63",-0.5012557147905,8.59903062473021,2.90222509006029
"64",3.60597427662713,8.59571817718259,0.598307546190282
"65",6.65320349913695,8.59240572963498,0.154390771228076
"66",8.61900440510728,8.58909328208736,1.19190231280535
"67",8.15337678678211,8.58578083453974,0.460842378678148
"68",4.92060574192171,8.58246838699213,-3.60307412891384
"69",0.379263981514117,8.57915593944451,-1.75841992095863
"70",-4.44922142669396,8.5758434918969,-2.12662206520293
"71",-7.33913463426801,8.57253104434928,-1.23339641008127
"72",-8.37761940436946,8.56921859680166,-1.3915991924322
"73",-7.58142745894805,8.56590614925405,-0.784478690306001
"74",-4.08277007377887,8.56271052986351,2.32005954391535
"75",-0.5012557147905,8.55951491047298,1.14174080431752
"76",3.60597427662713,8.55631929108244,1.23770643229043
"77",6.65320349913695,8.55312367169191,-0.506327170828857
"78",8.61900440510728,8.54992805230137,-1.06893245740866
"79",8.15337678678211,8.54673243291084,-0.300109219692947
"80",4.92060574192171,8.5435368135203,0.235857444557984
"81",0.379263981514117,8.54034119412977,1.48039482435611
"82",-4.44922142669396,8.53714557473923,0.312075851954729
"83",-7.33913463426801,8.5339499553487,2.10518467891931
"84",-8.37761940436946,8.53075433595816,-2.7531349315887
"85",-7.58142745894805,8.52755871656763,-2.34613125761958
"86",-4.08277007377887,8.52436309717709,1.05840697660177
"87",-0.5012557147905,8.52116747778656,-1.41991176299606
"88",3.60597427662713,8.51797185839602,-0.52394613502315
"89",6.65320349913695,8.51477623900549,-0.567979738142437
"90",8.61900440510728,8.51158061961495,-3.33058502472224
"91",8.15337678678211,8.50838500022442,-1.86176178700653
"92",4.92060574192171,8.50518938083388,-0.825795122755596
"93",0.379263981514117,8.50199376144335,0.818742257042532
"94",-4.44922142669396,8.49879814205281,0.750423284641146
"95",-7.33913463426801,8.49560252266228,2.04353211160573
"96",-8.37761940436946,8.49240690327174,-0.914787498902284
"97",-7.58142745894805,8.48921128388121,-1.80778382493316
"98",-4.08277007377887,8.48601566449067,-3.30324559071181
"99",-0.5012557147905,8.48282004510014,0.21843566969036
"100",3.60597427662713,8.47962442570961,-1.98559870233673
"101",6.65320349913695,8.47642880631907,-0.729632305456018
"102",8.61900440510728,8.47323318692854,0.107762407964179
"103",8.15337678678211,8.470037567538,-0.0234143543201064
"104",4.92060574192171,8.46684194814747,0.112552309930823
"105",0.379263981514117,8.46364632875693,-1.44291031027105
"106",-4.44922142669396,8.4604507093664,0.188770717327566
"107",-7.33913463426801,8.45725508997586,1.48187954429215
"108",-8.37761940436946,8.45405947058533,0.723559933784134
"109",-7.58142745894805,8.45086385119479,-9.66943639224674
"110",-4.08277007377887,8.44768717684016,0.235082896938701
"111",-0.5012557147905,8.44451050248554,-1.84325478769504
"112",3.60597427662713,8.44133382813091,0.552691895241967
"113",6.65320349913695,8.43815715377628,-3.09136065291323
"114",8.61900440510728,8.43498047942165,-1.15398488452894
"115",8.15337678678211,8.43180380506703,-3.08518059184913
"116",4.92060574192171,8.4286271307124,0.950767127365891
"117",0.379263981514117,8.42545045635777,-1.00471443787189
"118",-4.44922142669396,8.42227378200314,-1.27305235530918
"119",-7.33913463426801,8.41909710764852,1.82003752661949
"120",-8.37761940436946,8.41592043329389,-0.138301028924429
"121",-7.58142745894805,8.41274375893926,3.46868370000879
"122",-4.08277007377887,8.40956708458463,2.97320298919423
"123",-0.5012557147905,8.40639041023001,0.494865304560495
"124",3.60597427662713,8.40321373587538,-2.7091880125025
"125",6.65320349913695,8.40003706152075,1.1467594393423
"126",8.61900440510728,8.39686038716612,-0.0158647922734083
"127",8.15337678678211,8.3936837128115,-1.9470604995936
"128",4.92060574192171,8.39050703845687,-1.11111278037858
"129",0.379263981514117,8.38733036410224,0.23340565438364
"130",-4.44922142669396,8.38415368974761,0.365067736946347
"131",-7.33913463426801,8.38097701539299,-0.341842381124977
"132",-8.37761940436946,8.37780034103836,0.299819063331102
"133",-7.58142745894805,8.37462366668373,2.00680379226431
"134",-4.08277007377887,8.3714469923291,-3.48867691855024
"135",-0.5012557147905,8.36827031797448,-2.46701460318398
"136",3.60597427662713,8.36509364361985,0.528932079753025
"137",6.65320349913695,8.36191696926522,-0.91512046840217
"138",8.61900440510728,8.35874029491059,-0.47774470001788
"139",8.15337678678211,8.35556362055597,-0.108940407338075
"140",4.92060574192171,8.35238694620134,1.52700731187695
"141",0.379263981514117,8.34921027184671,0.0715257466391712
"142",-4.44922142669396,8.34603359749208,0.103187829201877
"143",-7.33913463426801,8.34285692313746,1.79627771113056
"144",-8.37761940436946,8.33968024878283,0.637939155586631
"145",-7.58142745894805,8.3365035744282,1.34492388451985
"146",-4.08277007377887,8.33412623771201,2.54864383606685
"147",-0.5012557147905,8.33174890099582,1.46950681379468
"148",3.60597427662713,8.32937156427964,0.864654159093238
"149",6.65320349913695,8.32699422756345,0.919802273299604
"150",8.61900440510728,8.32461689084726,2.75637870404545
"151",8.15337678678211,8.32223955413107,0.524383659086821
"152",4.92060574192171,8.31986221741488,2.4595320406634
"153",0.379263981514117,8.31748488069869,0.803251137787187
"154",-4.44922142669396,8.31510754398251,-0.365886117288545
"155",-7.33913463426801,8.31273020726632,1.82640442700169
"156",-8.37761940436946,8.31035287055013,0.46726653381933
"157",-7.58142745894805,8.30797553383394,1.1734519251141
"158",-4.08277007377887,8.30559819711775,1.37717187666111
"159",-0.5012557147905,8.30322086040156,0.198034854388936
"160",3.60597427662713,8.30084352368538,1.2931821996875
"161",6.65320349913695,8.29846618696919,1.04833031389386
"162",8.61900440510728,8.296088850253,-2.71509325536029
"163",8.15337678678211,8.29371151353681,-1.44708830031892
"164",4.92060574192171,8.29133417682062,-1.21193991874233
"165",0.379263981514117,8.28895684010443,0.431779178381449
"166",-4.44922142669396,8.28657950338824,2.36264192330572
"167",-7.33913463426801,8.28420216667206,-0.445067532404046
"168",-8.37761940436946,8.28182482995587,0.295794574413591
"169",-7.58142745894805,8.27944749323968,4.50197996570837
"170",-4.08277007377887,8.27707015652349,2.70569991725537
"171",-0.5012557147905,8.2746928198073,2.7265628949832
"172",3.60597427662713,8.27231548309111,-1.77828975971824
"173",6.65320349913695,8.26993814637493,0.0768583544881256
"174",8.61900440510728,8.26756080965874,-2.48656521476602
"175",8.15337678678211,8.26518347294255,-0.718560259724658
"176",4.92060574192171,8.26280613622636,3.51658812185193
"177",0.379263981514117,8.26042879951017,1.56030721897571
"178",-4.44922142669396,8.25805146279398,-0.308830036100023
"179",-7.33913463426801,8.2556741260778,0.083460508190214
"180",-8.37761940436946,8.25329678936161,2.02432261500785
"181",-7.58142745894805,8.25091945264542,-0.0694919936973726
"182",-4.08277007377887,8.25172321261958,-3.56895313884071
"183",-0.5012557147905,8.25252697259373,-0.0512712578032328
"184",3.60597427662713,8.25333073256789,-2.75930500919501
"185",6.65320349913695,8.25413449254205,-0.607337991678992
"186",8.61900440510728,8.2549382525162,-1.87394265762349
"187",8.15337678678211,8.25574201249036,-0.309118799272465
"188",4.92060574192171,8.25654577246452,-0.877151514386227
"189",0.379263981514117,8.25734953243867,0.76338648604721
"190",-4.44922142669396,8.25815329241283,-1.30893186571887
"191",-7.33913463426801,8.25895705238699,-2.71982241811898
"192",-8.37761940436946,8.25976081236114,-6.18214140799168
"193",-7.58142745894805,8.2605645723353,-5.37913711338725
"194",-4.08277007377887,8.26136833230946,-0.57859825853059
"195",-0.5012557147905,8.26217209228361,1.33908362250689
"196",3.60597427662713,8.26297585225777,-0.868950128884893
"197",6.65320349913695,8.26377961223193,-0.216983111368874
"198",8.61900440510728,8.26458337220608,0.316412222686633
"199",8.15337678678211,8.26538713218024,-1.81876391896235
"200",4.92060574192171,8.26619089215439,0.213203365923896
"201",0.379263981514117,8.26699465212855,-0.846258633642668
"202",-4.44922142669396,8.26779841210271,3.58142301459125
"203",-7.33913463426801,8.26860217207686,-4.22946753780885
"204",-8.37761940436946,8.26940593205102,-1.79178652768156
"205",-7.58142745894805,8.27020969202518,1.51121776692287
"206",-4.08277007377887,8.27101345199933,-2.18824337822047
"207",-0.5012557147905,8.27181721197349,0.729438502817011
"208",3.60597427662713,8.27262097194765,2.02140475142523
"209",6.65320349913695,8.2734247319218,1.17337176894125
"210",8.61900440510728,8.27422849189596,1.60676710299676
"211",8.15337678678211,8.27503225187012,-0.328409038652223
"212",4.92060574192171,8.27583601184427,0.703558246234017
"213",0.379263981514117,8.27663977181843,-1.95590375333255
"214",-4.44922142669396,8.27744353179259,1.07177789490138
"215",-7.33913463426801,8.27824729176674,-0.739112657498732
"216",-8.37761940436946,8.2790510517409,1.29856835262856
"217",-7.58142745894805,8.27985481171506,-2.09842735276701
"218",-4.08277007377887,8.28041853072514,0.00235154305372554
"219",-0.5012557147905,8.28098224973522,-1.07972653494472
"220",3.60597427662713,8.28154596874531,-0.387520245372435
"221",6.65320349913695,8.28210968775539,0.0646868131076594
"222",8.61900440510728,8.28267340676548,-2.50167781187276
"223",8.15337678678211,8.28323712577556,-1.23661391255767
"224",4.92060574192171,8.28380084478565,-1.10440658670736
"225",0.379263981514117,8.28436456379573,0.0363714546901512
"226",-4.44922142669396,8.28492828280582,-1.63570685611185
"227",-7.33913463426801,8.2854920018159,1.95364263245211
"228",-8.37761940436946,8.28605572082598,-1.50843631645652
"229",-7.58142745894805,8.28661943983607,5.09480801911198
"230",-4.08277007377887,8.28718315884615,-0.504413085067285
"231",-0.5012557147905,8.28774687785624,1.41350883693426
"232",3.60597427662713,8.28831059686632,1.00571512650656
"233",6.65320349913695,8.2888743158764,1.55792218498665
"234",8.61900440510728,8.28943803488649,-2.10844243999377
"235",8.15337678678211,8.29000175389657,-1.14337854067868
"236",4.92060574192171,8.29056547290666,0.688828785171633
"237",0.379263981514117,8.29112919191674,2.22960682656914
"238",-4.44922142669396,8.29169291092682,-2.14247148423286
"239",-7.33913463426801,8.29225662993691,1.1468780043311
"240",-8.37761940436946,8.29282034894699,1.08479905542247
"241",-7.58142745894805,8.29338406795708,2.28804339099097
"242",-4.08277007377887,8.29394778696716,1.0888222868117
"243",-0.5012557147905,8.29451150597725,-0.793255791186746
"244",3.60597427662713,8.29507522498733,-0.101049501614455
"245",6.65320349913695,8.29563894399741,-0.348842443134362
"246",8.61900440510728,8.2962026630075,1.88479293188522
"247",8.15337678678211,8.29676638201758,-0.350143168799688
"248",4.92060574192171,8.29733010102767,-0.117935842949377
"249",0.379263981514117,8.29789382003775,2.12284219844813
"250",-4.44922142669396,8.29845753904783,-0.449236112353873
"251",-7.33913463426801,8.29902125805792,-0.85988662378991
"252",-8.37761940436946,8.299584977068,-0.121965572698542
"253",-7.58142745894805,8.30014869607809,0.581278762869958
"254",-4.08277007377887,8.29962818475581,0.583141889023052
"255",-0.5012557147905,8.29910767343354,1.30214804135696
"256",3.60597427662713,8.29858716211126,-1.60456143873839
"257",6.65320349913695,8.29806665078899,-0.751270149925936
"258",8.61900440510728,8.29754613946671,-0.916550544573997
"259",8.15337678678211,8.29702562814444,-0.850402414926545
"260",4.92060574192171,8.29650511682216,-0.217110858743874
"261",0.379263981514117,8.29598460549989,1.82475141298599
"262",-4.44922142669396,8.29546409417761,-0.946242667483649
"263",-7.33913463426801,8.29494358285534,-2.35580894858733
"264",-8.37761940436946,8.29442307153306,2.0831963328364
"265",-7.58142745894805,8.29390256021079,-2.41247510126274
"266",-4.08277007377887,8.29338204888851,-1.01061197510964
"267",-0.5012557147905,8.29286153756624,-0.491605822775735
"268",3.60597427662713,8.29234102624396,0.601684697128913
"269",6.65320349913695,8.29182051492169,-0.845024014058634
"270",8.61900440510728,8.29130000359941,1.4896955912933
"271",8.15337678678211,8.29077949227714,-0.244156279059244
"272",4.92060574192171,8.29025898095486,0.789135277123428
"273",0.379263981514117,8.28973846963259,1.7309975488533
"274",-4.44922142669396,8.28921795831031,0.660003468383652
"275",-7.33913463426801,8.28869744698804,-4.04956281272002
"276",-8.37761940436946,8.28817693566576,-0.110557531296299
"277",-7.58142745894805,8.28765642434348,-0.606228965395439
"278",-4.08277007377887,8.28713591302121,-2.80436583924234
"279",-0.5012557147905,8.28661540169893,-2.48535968690843
"280",3.60597427662713,8.28609489037666,0.007930832996216
"281",6.65320349913695,8.28557437905438,2.36122212180867
"282",8.61900440510728,8.28505386773211,-1.50405827283939
"283",8.15337678678211,8.28453335640983,0.562089856808059
"284",4.92060574192171,8.28401284508756,0.99538141299073
"285",0.379263981514117,8.28349233376528,0.437243684720599
"286",-4.44922142669396,8.28297182244301,2.16624960425095
"287",-7.33913463426801,8.28245131112073,-0.743316676852722
"288",-8.37761940436946,8.28193079979846,-0.104311395428997
"289",-7.58142745894805,8.28141028847618,0.800017170471863
"290",-4.08277007377887,8.28135476141449,-2.99858468763563
"291",-0.5012557147905,8.2812992343528,1.6199564804377
"292",3.60597427662713,8.28124370729111,2.51278201608177
"293",6.65320349913695,8.28118818022942,-1.23439167936637
"294",8.61900440510728,8.28113265316773,1.99986294172499
"295",8.15337678678211,8.28107712610604,0.365546087111856
"296",4.92060574192171,8.28102159904435,-0.201627340966057
"297",0.379263981514117,8.28096607198265,0.639769946503229
"298",-4.44922142669396,8.28091054492096,-0.831689118227002
"299",-7.33913463426801,8.28085501785927,1.25827961640874
"300",-8.37761940436946,8.28079949079758,-1.00318008642812
"301",-7.58142745894805,8.28074396373589,2.30068349521216
"302",-4.08277007377887,8.2806884366742,1.90208163710467
"303",-0.5012557147905,8.28063290961251,-0.879377194822008
"304",3.60597427662713,8.28057738255082,-1.18655165917794
"305",6.65320349913695,8.28052185548913,-1.53372535462607
"306",8.61900440510728,8.28046632842744,0.200529266465281
"307",8.15337678678211,8.28041080136574,-1.13378758814785
"308",4.92060574192171,8.28035527430405,-2.40096101622576
"309",0.379263981514117,8.28029974724236,-0.959563728756478
"310",-4.44922142669396,8.28024422018067,0.16897720651329
"311",-7.33913463426801,8.28018869311898,-0.0410540588509694
"312",-8.37761940436946,8.28013316605729,0.19748623831217
"313",-7.58142745894805,8.2800776389956,-0.298650180047551
"314",-4.08277007377887,8.28002211193391,-0.097252038155041
"315",-0.5012557147905,8.27996658487222,-2.37871087008172
"316",3.60597427662713,8.27991105781052,0.41411466556235
"317",6.65320349913695,8.27985553074883,1.56694097011422
"318",8.61900440510728,8.27980000368714,0.00119559120557078
"319",8.15337678678211,8.27974447662545,2.46687873659244
"320",4.92060574192171,8.27968894956376,1.79970530851453
"321",0.379263981514117,8.27963342250207,-0.558897404016188
"322",-4.44922142669396,8.27957789544038,-0.430356468746417
"323",-7.33913463426801,8.27952236837869,-0.740387734110677
"324",-8.37761940436946,8.279466841317,3.79815256305246
"325",-7.58142745894805,8.27941131425531,2.40201614469274
"326",-4.08277007377887,8.27956638342341,1.60320369035545
"327",-0.5012557147905,8.27972145259153,1.42153426219897
"328",3.60597427662713,8.27987652175963,-0.78585079838676
"329",6.65320349913695,8.28003159092775,-0.533235090064693
"330",8.61900440510728,8.28018666009585,-1.79919106520314
"331",8.15337678678211,8.28034172926396,0.0662814839539294
"332",4.92060574192171,8.28049679843207,-1.20110254035378
"333",0.379263981514117,8.28065186760018,-4.4599158491143
"334",-4.44922142669396,8.28080693676829,0.168414489925668
"335",-7.33913463426801,8.2809620059364,3.15817262833161
"336",-8.37761940436946,8.28111707510451,4.19650232926495
"337",-7.58142745894805,8.28127214427262,1.70015531467542
"338",-4.08277007377887,8.28142721344073,-1.29865713966186
"339",-0.5012557147905,8.28158228260884,-0.880326567818339
"340",3.60597427662713,8.28173735177695,-0.587711628404075
"341",6.65320349913695,8.28189242094506,-0.135095920082007
"342",8.61900440510728,8.28204749011317,1.39894810477955
"343",8.15337678678211,8.28220255928128,2.96442065393661
"344",4.92060574192171,8.28235762844939,1.8970366296289
"345",0.379263981514117,8.2825126976175,-1.56177667913162
"346",-4.44922142669396,8.28266776678561,-0.333446340091646
"347",-7.33913463426801,8.28282283595372,-0.943688201685708
"348",-8.37761940436946,8.28297790512183,1.69464149924763
"349",-7.58142745894805,8.28313297428994,0.498294484658111
"350",-4.08277007377887,8.28328804345805,-1.60051796967918
"351",-0.5012557147905,8.28344311262616,-0.0821873978356553
"352",3.60597427662713,8.28359818179426,1.41042754157861
"353",6.65320349913695,8.28375325096238,4.36304324990068
"354",8.61900440510728,8.28390832013048,3.09708727476223
"355",8.15337678678211,8.28406338929859,1.2625598239193
"356",4.92060574192171,8.2842184584667,-0.304824200388414
"357",0.379263981514117,8.28437352763481,1.13636249085107
"358",-4.44922142669396,8.28452859680292,0.664692829891038
"359",-7.33913463426801,8.28468366597103,-2.24554903170302
"360",-8.37761940436946,8.28483873513914,0.892780669230318
"361",-7.58142745894805,8.28499380430725,2.69643365464079
"362",-4.08277007377887,8.28638239735392,1.99638767642494
"363",-0.5012557147905,8.28777099040059,-2.58651527561009
"364",3.60597427662713,8.28915958344727,-0.695133860074391
"365",6.65320349913695,8.29054817649394,-0.543751675630883
"366",8.61900440510728,8.29193676954061,-0.310941174647891
"367",8.15337678678211,8.29332536258728,-0.846702149369385
"368",4.92060574192171,8.29471395563395,-1.31531969755566
"369",0.379263981514117,8.29610254868062,1.22463346980526
"370",-4.44922142669396,8.29749114172729,0.551730284966672
"371",-7.33913463426801,8.29887973477396,1.14025489949405
"372",-8.37761940436946,8.30026832782063,0.477351076548828
"373",-7.58142745894805,8.3016569208673,-1.52022946191926
"374",-4.08277007377887,8.30304551391397,0.779724559864892
"375",-0.5012557147905,8.30443410696064,-1.20317839217014
"376",3.60597427662713,8.30582270000732,-0.711796976634441
"377",6.65320349913695,8.30721129305399,-1.36041479219093
"378",8.61900440510728,8.30859988610066,-1.72760429120794
"379",8.15337678678211,8.30998847914733,-1.86336526592944
"380",4.92060574192171,8.311377072194,-1.33198281411571
"381",0.379263981514117,8.31276566524067,0.207970353245212
"382",-4.44922142669396,8.31415425828734,-1.66493283159338
"383",-7.33913463426801,8.31554285133401,0.423591782933999
"384",-8.37761940436946,8.31693144438068,-5.13931204001122
"385",-7.58142745894805,8.31832003742735,-1.03689257847931
"386",-4.08277007377887,8.31970863047402,-0.436938556695158
"387",-0.5012557147905,8.3210972235207,-1.5198415087302
"388",3.60597427662713,8.32248581656737,-0.928460093194491
"389",6.65320349913695,8.32387440961404,0.822922091249016
"390",8.61900440510728,8.32526300266071,-0.744267407767992
"391",8.15337678678211,8.32665159570738,-1.68002838248949
"392",4.92060574192171,8.32804018875405,0.151354069324242
"393",0.379263981514117,8.32942878180072,0.991307236685161
"394",-4.44922142669396,8.33081737484739,-0.481595948153428
"395",-7.33913463426801,8.33220596789406,2.40692866637395
"396",-8.37761940436946,8.33359456094073,-1.45597515657127
"397",-7.58142745894805,8.3349831539874,2.94644430496064
"398",-4.08277007377887,8.33833109097054,-0.35556101719167
"399",-0.5012557147905,8.34167902795367,-1.24042331316317
"400",3.60597427662713,8.3450269649368,-0.951001241563929
"401",6.65320349913695,8.34837490191994,-1.60157840105688
"402",8.61900440510728,8.35172283890307,-2.67072724401035
"403",8.15337678678211,8.3550707758862,-0.308447562668311
"404",4.92060574192171,8.35841871286934,0.620975545208955
"405",0.379263981514117,8.36176664985247,-1.24103063136659
"406",-4.44922142669396,8.3651145868356,-1.71589316014164
"407",-7.33913463426801,8.36846252381874,-1.02932788955072
"408",-8.37761940436946,8.37181046080187,-0.494191056432408
"409",-7.58142745894805,8.375158397785,-1.29373093883695
"410",-4.08277007377887,8.37850633476813,2.90426373901073
"411",-0.5012557147905,8.38185427175127,0.319401443039233
"412",3.60597427662713,8.3852022087344,0.208823514638473
"413",6.65320349913695,8.38855014571753,-0.74175364485448
"414",8.61900440510728,8.39189808270067,-1.11090248780795
"415",8.15337678678211,8.3952460196838,0.151377193534092
"416",4.92060574192171,8.39859395666693,0.580800301411358
"417",0.379263981514117,8.40194189365007,-1.38120587516418
"418",-4.44922142669396,8.4052898306332,0.543931596060762
"419",-7.33913463426801,8.40863776761633,-1.66950313334832
"420",-8.37761940436946,8.41198570459946,-1.33436630023
"421",-7.58142745894805,8.4153336415826,0.166093817365446
"422",-4.08277007377887,8.41868157856573,-0.135911504786865
"423",-0.5012557147905,8.42202951554886,-1.02077380075836
"424",3.60597427662713,8.425377452532,0.368648270840879
"425",6.65320349913695,8.42872538951513,0.718071111347921
"426",8.61900440510728,8.43207332649826,1.54892226839445
"427",8.15337678678211,8.4354212634814,-0.288798050263503
"428",4.92060574192171,8.43876920046453,3.14062505761376
"429",0.379263981514117,8.44211713744766,0.0786188810382189
"430",-4.44922142669396,8.4454650744308,1.70375635226317
"431",-7.33913463426801,8.44881301141393,0.690321622854082
"432",-8.37761940436946,8.45216094839706,2.9254584559724
"433",-7.58142745894805,8.4555088853802,-1.77408142643215
"434",-4.08277007377887,8.45986405307915,0.0229060206997111
"435",-0.5012557147905,8.46421922077811,-0.462963505987611
"436",3.60597427662713,8.46857438847707,-2.6745486651042
"437",6.65320349913695,8.47292955617603,1.17386694468702
"438",8.61900440510728,8.47728472387499,4.50371087101773
"439",8.15337678678211,8.48163989157394,2.36498332164395
"440",4.92060574192171,8.4859950592729,-0.00660080119461348
"441",0.379263981514117,8.49035022697186,0.130385791514019
"442",-4.44922142669396,8.49470539467082,-0.545483967976859
"443",-7.33913463426801,8.49906056236978,0.140074071898232
"444",-8.37761940436946,8.50341573006874,0.874203674300723
"445",-7.58142745894805,8.5077708977677,-0.526343438819649
"446",-4.08277007377887,8.51212606546665,-1.62935599168779
"447",-0.5012557147905,8.51648123316561,-0.715225518375112
"448",3.60597427662713,8.52083640086457,-2.7268106774917
"449",6.65320349913695,8.52519156856353,-1.27839506770048
"450",8.61900440510728,8.52954673626249,-0.648551141369772
"451",8.15337678678211,8.53390190396145,0.712721309256445
"452",4.92060574192171,8.5382570716604,-1.25886281358212
"453",0.379263981514117,8.54261223935936,0.778123779126519
"454",-4.44922142669396,8.54696740705832,1.70225401963564
"455",-7.33913463426801,8.55132257475728,0.187812059510732
"456",-8.37761940436946,8.55567774245624,-4.87805833808678
"457",-7.58142745894805,8.5600329101552,-2.07860545120715
"458",-4.08277007377887,8.56438807785415,-1.68161800407529
"459",-0.5012557147905,8.56874324555311,-0.467487530762611
"460",3.60597427662713,8.57309841325207,0.420927310120804
"461",6.65320349913695,8.57745358095103,-2.43065708008798
"462",8.61900440510728,8.58180874864999,0.199186846242727
"463",8.15337678678211,8.58616391634894,-1.63954070313105
"464",4.92060574192171,8.5905190840479,0.588875174030386
"465",0.379263981514117,8.59487425174686,-0.0741382332609799
"466",-4.44922142669396,8.59922941944582,-3.55000799275186
"467",-7.33913463426801,8.60358458714478,1.83555004712323
"468",-8.37761940436946,8.60793975484374,0.169679649525724
"469",-7.58142745894805,8.6122949225427,-6.23086746359465
"470",-4.08277007377887,8.61776527092752,-1.33499519714865
"471",-0.5012557147905,8.62323561931234,-3.02197990452184
"472",3.60597427662713,8.62870596769716,0.765319755675712
"473",6.65320349913695,8.63417631608198,1.11262018478107
"474",8.61900440510728,8.63964666446681,-0.45865106957409
"475",8.15337678678211,8.64511701285163,-1.29849379963374
"476",4.92060574192171,8.65058736123645,-1.97119310315816
"477",0.379263981514117,8.65605770962127,1.36467830886461
"478",-4.44922142669396,8.66152805800609,1.38769336868787
"479",-7.33913463426801,8.66699840639092,0.772136227877095
"480",-8.37761940436946,8.67246875477574,-5.09484935040628
"481",-7.58142745894805,8.67793910316056,-0.796511644212513
"482",-4.08277007377887,8.68340945154538,-3.70063937776652
"483",-0.5012557147905,8.6888797999302,1.6123759148603
"484",3.60597427662713,8.69435014831503,-3.00032442494215
"485",6.65320349913695,8.69982049669985,-2.0530239958368
"486",8.61900440510728,8.70529084508467,-0.924295250191957
"487",8.15337678678211,8.71076119346949,-1.0641379802516
"488",4.92060574192171,8.71623154185431,1.36316271622397
"489",0.379263981514117,8.72170189023914,0.399034128246745
"490",-4.44922142669396,8.72717223862396,0.122049188070003
"491",-7.33913463426801,8.73264258700878,0.606492047259229
"492",-8.37761940436946,8.7381129353936,3.43950646897586
"493",-7.58142745894805,8.74358328377843,0.73784417516962
"494",-4.08277007377887,8.74905363216325,-1.16628355838438
"495",-0.5012557147905,8.75452398054807,0.546731734242432
"496",3.60597427662713,8.75999432893289,1.23403139443998
"497",6.65320349913695,8.76546467731771,-0.718668176454662
"498",8.61900440510728,8.77093502570253,-1.88993943080982
"499",8.15337678678211,8.77640537408736,0.170217839130537
"500",4.92060574192171,8.78187572247218,-1.00248146439389
"501",0.379263981514117,8.787346070857,0.733389947628881
"502",-4.44922142669396,8.79281641924182,-1.04359499254786
"503",-7.33913463426801,8.79828676762665,2.94084786664136
"504",-8.37761940436946,8.80375711601147,1.27386228835799
"505",-7.58142745894805,8.80922746439629,0.772199994551755
"506",-4.08277007377887,8.8160611347964,2.96670893898247
"507",-0.5012557147905,8.8228948051965,-2.021639090406
"508",3.60597427662713,8.82972847559661,2.56429724777626
"509",6.65320349913695,8.83656214599672,-0.389765645133666
"510",8.61900440510728,8.84339581639682,0.337599778495893
"511",8.15337678678211,8.85022948679693,0.196393726420961
"512",4.92060574192171,8.85706315719704,0.822331100881252
"513",0.379263981514117,8.86389682759715,1.55683919088874
"514",-4.44922142669396,8.87073049799725,-0.821509071303289
"515",-7.33913463426801,8.87756416839736,1.76157046587065
"516",-8.37761940436946,8.88439783879747,1.49322156557199
"517",-7.58142745894805,8.89123150919757,4.59019594975048
"518",-4.08277007377887,8.89806517959768,2.48470489418119
"519",-0.5012557147905,8.90489884999779,-0.903643135207284
"520",3.60597427662713,8.91173252039789,2.38229320297499
"521",6.65320349913695,8.918566190798,-1.07176968993495
"522",8.61900440510728,8.92539986119811,0.155595733694609
"523",8.15337678678211,8.93223353159821,2.21438968161968
"524",4.92060574192171,8.93906720199832,-1.75967294392003
"525",0.379263981514117,8.94590087239843,1.47483514608746
"526",-4.44922142669396,8.95273454279853,0.0964868838954285
"527",-7.33913463426801,8.95956821319864,-0.620433578930628
"528",-8.37761940436946,8.96640188359875,0.511217520770714
"529",-7.58142745894805,8.97323555399885,-2.69180809505081
"530",-4.08277007377887,8.98006922439896,2.60270084937991
"531",-0.5012557147905,8.98690289479907,-0.785647180008565
"532",3.60597427662713,8.99373656519917,-2.0997108418263
"533",6.65320349913695,9.00057023559928,-2.95377373473623
"534",8.61900440510728,9.00740390599939,1.87359168889333
"535",8.15337678678211,9.01423757639949,2.4323856368184
"536",4.92060574192171,9.0210712467996,2.15832301127869
"537",0.379263981514117,9.02790491719971,-0.907168898713824
"538",-4.44922142669396,9.03473858759981,-0.885517160905851
"539",-7.33913463426801,9.04157225799992,-0.502437623731911
"540",-8.37761940436946,9.04840592840003,0.629213475969435
"541",-7.58142745894805,9.05523959880013,1.72618786014791
"542",-4.08277007377887,9.06201656221376,0.720753511565107
"543",-0.5012557147905,9.06879352562738,-0.367537810836884
"544",3.60597427662713,9.07557048904101,2.21845523433186
"545",6.65320349913695,9.08234745245464,0.764449048408414
"546",8.61900440510728,9.08912441586826,0.791871179024451
"547",8.15337678678211,9.09590137928189,1.350721833936
"548",4.92060574192171,9.10267834269552,-0.623284084617225
"549",0.379263981514117,9.10945530610914,-2.88871928762326
"550",-4.44922142669396,9.11623226952277,1.13298915717119
"551",-7.33913463426801,9.12300923293639,0.616125401331617
"552",-8.37761940436946,9.12978619635002,2.64783320801944
"553",-7.58142745894805,9.13656315976365,-2.4551357008156
"554",-4.08277007377887,9.14334012317727,0.139429950601595
"555",-0.5012557147905,9.1501170865909,2.1511386281996
"556",3.60597427662713,9.15689405000452,1.33713167336835
"557",6.65320349913695,9.16367101341815,0.783125487444902
"558",8.61900440510728,9.17044797683178,-1.28945238193906
"559",8.15337678678211,9.1772249402454,-0.730601727027508
"560",4.92060574192171,9.18400190365903,-1.70460764558074
"561",0.379263981514117,9.19077886707265,-1.77004284858677
"562",-4.44922142669396,9.19755583048628,-3.74833440379232
"563",-7.33913463426801,9.20433279389991,1.6348018403681
"564",-8.37761940436946,9.21110975731353,1.86650964705593
"565",-7.58142745894805,9.21788672072716,-0.236459261779112
"566",-4.08277007377887,9.22466368414078,1.75810638963808
"567",-0.5012557147905,9.23144064755441,-0.83018493276391
"568",3.60597427662713,9.23821761096804,-0.544191887595161
"569",6.65320349913695,9.24499457438166,0.801801926481389
"570",8.61900440510728,9.25177153779529,4.12922405709743
"571",8.15337678678211,9.25854850120892,0.388074712008978
"572",4.92060574192171,9.26532546462254,-1.38593120654425
"573",0.379263981514117,9.27210242803617,-0.651366409550285
"574",-4.44922142669396,9.27887939144979,3.57034203524417
"575",-7.33913463426801,9.28565635486342,2.05347827940459
"576",-8.37761940436946,9.29243331827704,0.585186086092415
"577",-7.58142745894805,9.29921028169067,2.88221717725738
"578",-4.08277007377887,9.30502743736643,-1.52225736358756
"579",-0.5012557147905,9.31084459304218,-0.109588878251682
"580",3.60597427662713,9.31666174871794,0.177363974654938
"581",6.65320349913695,9.32247890439369,-1.27568240353064
"582",8.61900440510728,9.32829606006945,3.25269953482327
"583",8.15337678678211,9.3341132157452,1.81250999747269
"584",4.92060574192171,9.33993037142096,-2.06053611334267
"585",0.379263981514117,9.34574752709671,2.77498849138917
"586",-4.44922142669396,9.35156468277247,-0.402343256078508
"587",-7.33913463426801,9.35738183844822,-2.21824720418021
"588",-8.37761940436946,9.36319899412398,-1.98557958975452
"589",-7.58142745894805,9.36901614979973,-2.38758869085169
"590",-4.08277007377887,9.37483330547549,-2.59206323169662
"591",-0.5012557147905,9.38065046115124,0.520605253639257
"592",3.60597427662713,9.386467616827,-2.39244189345413
"593",6.65320349913695,9.39228477250276,0.354511728360295
"594",8.61900440510728,9.39810192817851,-1.3171063332858
"595",8.15337678678211,9.40391908385427,-0.557295870636374
"596",4.92060574192171,9.40973623953002,-2.63034198145173
"597",0.379263981514117,9.41555339520578,-0.294817376719894
"598",-4.44922142669396,9.42137055088153,-0.97214912418757
"599",-7.33913463426801,9.42718770655729,-3.28805307228928
"600",-8.37761940436946,9.43300486223304,-3.25538545786358
"601",-7.58142745894805,9.4388220179088,2.24260544103925
"602",-4.08277007377887,9.44463917358455,2.33813090019431
"603",-0.5012557147905,9.45045632926031,-1.04920061446981
"604",3.60597427662713,9.45627348493606,-0.162247761563187
"605",6.65320349913695,9.46209064061182,-0.915294139748767
"606",8.61900440510728,9.46790779628757,-0.786912201394857
"607",8.15337678678211,9.47372495196333,3.17289826125456
"608",4.92060574192171,9.47954210763908,0.799852150439204
"609",0.379263981514117,9.48535926331484,-1.16462324482896
"610",-4.44922142669396,9.49117641899059,-0.0419549922966329
"611",-7.33913463426801,9.49699357466635,0.44214105960166
"612",-8.37761940436946,9.50281073034211,1.37480867402735
"613",-7.58142745894805,9.50862788601786,2.27279957293019
"614",-4.08277007377887,9.51173253868158,0.57103753509729
"615",-0.5012557147905,9.51483719134529,-1.41358147655479
"616",3.60597427662713,9.51794184400901,1.67608387936387
"617",6.65320349913695,9.52104649667272,0.025750004190332
"618",8.61900440510728,9.52415114933643,-2.24315555444372
"619",8.15337678678211,9.52725580200015,0.319367411217744
"620",4.92060574192171,9.53036045466386,-0.850966196585574
"621",0.379263981514117,9.53346510732758,-1.4127290888417
"622",-4.44922142669396,9.53656975999129,-3.38734833329733
"623",-7.33913463426801,9.53967441265501,-0.300539778386998
"624",-8.37761940436946,9.54277906531872,1.73484033905074
"625",-7.58142745894805,9.54588371798244,-0.764456259034391
"626",-4.08277007377887,9.54898837064615,0.633781703132714
"627",-0.5012557147905,9.55209302330987,-0.0508373085193661
"628",3.60597427662713,9.55519767597358,1.23882804739929
"629",6.65320349913695,9.5583023286373,-0.911505827774244
"630",8.61900440510728,9.56140698130101,1.2195886135917
"631",8.15337678678211,9.56451163396473,-0.0178884207468339
"632",4.92060574192171,9.56761628662844,2.41177797144985
"633",0.379263981514117,9.57072093929215,-0.849984920806273
"634",-4.44922142669396,9.57382559195587,-1.72460416526191
"635",-7.33913463426801,9.57693024461958,-0.0377956103515746
"636",-8.37761940436946,9.5800348972833,0.49758450708616
"637",-7.58142745894805,9.58313954994701,1.89828790900103
"638",-4.08277007377887,9.58624420261073,0.0965258711681365
"639",-0.5012557147905,9.58934885527444,0.511906859516058
"640",3.60597427662713,9.59245350793816,1.20157221543472
"641",6.65320349913695,9.59555816060187,1.05123834026118
"642",8.61900440510728,9.59866281326559,-3.31766721837287
"643",8.15337678678211,9.6017674659293,0.644855747288588
"644",4.92060574192171,9.60487211859302,0.0745221394852731
"645",0.379263981514117,9.60797677125673,0.01275924722915
"646",-4.44922142669396,9.61108142392045,0.838140002773516
"647",-7.33913463426801,9.61418607658416,1.82494855768385
"648",-8.37761940436946,9.61729072924788,0.660328675121585
"649",-7.58142745894805,9.62039538191159,1.26103207703646
"650",-4.08277007377887,9.62229638927239,0.16047368450648
"651",-0.5012557147905,9.62419739663318,-2.22294168184268
"652",3.60597427662713,9.62609840399398,1.86792731937889
"653",6.65320349913695,9.62799941135478,-1.38120291049172
"654",8.61900440510728,9.62990041871557,0.551095176177142
"655",8.15337678678211,9.63180142607637,1.11482178714152
"656",4.92060574192171,9.63370243343717,-3.25430817535888
"657",0.379263981514117,9.63560344079796,2.68513257768792
"658",-4.44922142669396,9.63750444815876,-0.888283021464801
"659",-7.33913463426801,9.63940545551956,-1.80027082125155
"660",-8.37761940436946,9.64130646288035,-0.863687058510894
"661",-7.58142745894805,9.64320747024115,3.23821998870689
"662",-4.08277007377887,9.64510847760195,0.937661596176918
"663",-0.5012557147905,9.64700948496274,-0.145753770172243
"664",3.60597427662713,9.64891049232354,-0.454884768950667
"665",6.65320349913695,9.65081149968434,1.09598500117871
"666",8.61900440510728,9.65271250704513,-0.771716912152419
"667",8.15337678678211,9.65461351440593,0.0920096988119603
"668",4.92060574192171,9.65651452176673,-1.17712026368844
"669",0.379263981514117,9.65841552912753,-0.837679510641644
"670",-4.44922142669396,9.66031653648832,1.68890489020564
"671",-7.33913463426801,9.66221754384912,0.776917090418891
"672",-8.37761940436946,9.66411855120992,-1.38649914684046
"673",-7.58142745894805,9.66601955857071,-1.88459209962267
"674",-4.08277007377887,9.66792056593151,2.11484950784736
"675",-0.5012557147905,9.6698215732923,0.331434141498196
"676",3.60597427662713,9.6717225806531,0.422303142719771
"677",6.65320349913695,9.6736235880139,3.47317291284915
"678",8.61900440510728,9.67552459537469,1.20547099951802
"679",8.15337678678211,9.67742560273549,4.4691976104824
"680",4.92060574192171,9.67932661009629,0.500067647982
"681",0.379263981514117,9.68122761745709,-3.1604915989712
"682",-4.44922142669396,9.68312862481788,1.26609280187608
"683",-7.33913463426801,9.68502963217868,0.154105002089331
"684",-8.37761940436946,9.68693063953948,-0.409311235170016
"685",-7.58142745894805,9.68883164690027,0.892595812047773
"686",-4.08277007377887,9.69071497643253,-0.707944902653665
"687",-0.5012557147905,9.69259830596479,0.508657408825711
"688",3.60597427662713,9.69448163549705,-1.10045591212417
"689",6.65320349913695,9.69636496502931,-0.649568464166254
"690",8.61900440510728,9.69824829456156,-1.11725269966885
"691",8.15337678678211,9.70013162409382,0.246491589124071
"692",4.92060574192171,9.70201495362608,0.377379304452207
"693",0.379263981514117,9.70389828315834,0.0168377353275435
"694",-4.44922142669396,9.7057816126906,-0.856560185996635
"695",-7.33913463426801,9.70766494222286,-2.26853030795485
"696",-8.37761940436946,9.70954827175511,0.468071132614346
"697",-7.58142745894805,9.71143160128737,-2.53000414233933
"698",-4.08277007377887,9.71331493081963,-0.230544857040764
"699",-0.5012557147905,9.71519826035189,0.686057454438613
"700",3.60597427662713,9.71708158988415,-0.423055866511271
"701",6.65320349913695,9.71896491941641,1.62783158144665
"702",8.61900440510728,9.72084824894866,-0.0398526540559487
"703",8.15337678678211,9.72273157848092,-1.97610836526303
"704",4.92060574192171,9.72461490801318,1.25477935006511
"705",0.379263981514117,9.72649823754544,2.39423778094044
"706",-4.44922142669396,9.7283815670777,-0.879160140383735
"707",-7.33913463426801,9.73026489660996,-1.39113026234195
"708",-8.37761940436946,9.73214822614221,-2.35452882177275
"709",-7.58142745894805,9.73403155567447,-1.65260409672643
"710",-4.08277007377887,9.73591488520673,-2.75314481142786
"711",-0.5012557147905,9.73779821473899,-0.536542499948489
"712",3.60597427662713,9.73968154427125,0.0543441791016281
"713",6.65320349913695,9.74156487380351,1.20523162705955
"714",8.61900440510728,9.74344820333576,5.13754739155695
"715",8.15337678678211,9.74533153286802,-2.89870831965013
"716",4.92060574192171,9.74721486240028,2.83217939567801
"717",0.379263981514117,9.74909819193254,2.67163782655334
"718",-4.44922142669396,9.7509815214648,1.89823990522916
"719",-7.33913463426801,9.75286485099705,1.38626978327096
"720",-8.37761940436946,9.75474818052931,3.52287122384015
"721",-7.58142745894805,9.75663151006157,2.82479594888647
"722",-4.08277007377887,9.75840193074755,0.724368143031317
"723",-0.5012557147905,9.76017235143353,5.34108336335697
"724",3.60597427662713,9.76194277211951,1.23208295125337
"725",6.65320349913695,9.76371319280548,0.783083308057568
"726",8.61900440510728,9.76548361349146,-1.58448801859874
"727",8.15337678678211,9.76725403417744,-1.02063082095955
"728",4.92060574192171,9.76902445486342,-1.68963019678513
"729",0.379263981514117,9.77079487554939,-0.650058857063511
"730",-4.44922142669396,9.77256529623537,-0.923343869541409
"731",-7.33913463426801,9.77433571692135,-0.73520108265334
"732",-8.37761940436946,9.77610613760733,2.20151326676213
"733",-7.58142745894805,9.7778765582933,2.20355090065474
"734",-4.08277007377887,9.77964697897928,-1.19687690520042
"735",-0.5012557147905,9.78141739966526,-1.48016168487476
"736",3.60597427662713,9.78318782035124,2.71083790302164
"737",6.65320349913695,9.78495824103721,0.561838259825837
"738",8.61900440510728,9.78672866172319,-0.305733066830475
"739",8.15337678678211,9.78849908240917,-0.641875869191278
"740",4.92060574192171,9.79026950309515,-2.31087524501686
"741",0.379263981514117,9.79203992378113,-1.07130390529524
"742",-4.44922142669396,9.7938103444671,-0.344588917773141
"743",-7.33913463426801,9.79558076515308,-1.65644613088507
"744",-8.37761940436946,9.79735118583906,-3.0197317814696
"745",-7.58142745894805,9.79912160652504,-0.81769414757699
"746",-4.08277007377887,9.80089202721101,-0.618121953432148
"747",-0.5012557147905,9.80266244789699,3.09859326689351
"748",3.60597427662713,9.80443286858297,0.889592854789905
"749",6.65320349913695,9.80620328926895,-0.459406788405895
"750",8.61900440510728,9.80797370995492,-0.0269781150622102
"751",8.15337678678211,9.8097441306409,1.53687908257699
"752",4.92060574192171,9.81151455132688,0.66787970675141
"753",0.379263981514117,9.81328497201286,-0.892548953526974
"754",-4.44922142669396,9.81505539269883,2.13416603399513
"755",-7.33913463426801,9.81682581338481,-1.2776911791168
"756",-8.37761940436946,9.81859623407079,-3.54097682970133
"757",-7.58142745894805,9.82036665475677,-1.23893919580872
"758",-4.08277007377887,9.82193658598386,-0.739166512204994
"759",-0.5012557147905,9.82350651721095,0.677749197579548
"760",3.60597427662713,9.82507644843805,-2.53105072506517
"761",6.65320349913695,9.82664637966514,1.02015012119791
"762",8.61900440510728,9.82821631089223,2.05277928400048
"763",8.15337678678211,9.82978624211932,-1.38316302890143
"764",4.92060574192171,9.83135617334642,-1.75196191526813
"765",0.379263981514117,9.83292610457351,-1.41219008608763
"766",-4.44922142669396,9.8344960358006,-0.38527460910664
"767",-7.33913463426801,9.83606596702769,-4.99693133275968
"768",-8.37761940436946,9.83763589825479,0.439983506114674
"769",-7.58142745894805,9.83920582948188,0.442221629466168
"770",-4.08277007377887,9.84077576070897,1.34199431306989
"771",-0.5012557147905,9.84234569193606,3.95891002285444
"772",3.60597427662713,9.84391562316316,1.75011010020972
"773",6.65320349913695,9.84548555439025,0.0013109464728025
"774",8.61900440510728,9.84705548561734,-2.56605989072463
"775",8.15337678678211,9.84862541684443,-0.202002203626542
"776",4.92060574192171,9.85019534807153,1.32919891000676
"777",0.379263981514117,9.85176527929862,-0.0310292608127387
"778",-4.44922142669396,9.85333521052571,0.695886216168249
"779",-7.33913463426801,9.85490514175281,1.4842294925152
"780",-8.37761940436946,9.8564750729799,1.42114433138956
"781",-7.58142745894805,9.85804500420699,-3.87661754525895
"782",-4.08277007377887,9.85961493543408,2.72315513834478
"783",-0.5012557147905,9.86118486666118,-1.55992915187068
"784",3.60597427662713,9.86275479788827,1.13127092548461
"785",6.65320349913695,9.86432472911536,-1.31752822825231
"786",8.61900440510728,9.86589466034245,-1.38489906544974
"787",8.15337678678211,9.86746459156955,1.17915862164835
"788",4.92060574192171,9.86903452279664,-0.889640264718349
"789",0.379263981514117,9.87060445402373,-0.649868435537849
"790",-4.44922142669396,9.87217438525082,-0.0229529585568624
"791",-7.33913463426801,9.87374431647792,0.365390317790094
"792",-8.37761940436946,9.87531424770501,-1.09769484333555
"793",-7.58142745894805,9.8768841789321,-2.89545671998405
"794",-4.08277007377887,9.87829609311925,-4.19552601934038
"795",-0.5012557147905,9.87970800730639,-0.878452292515888
"796",3.60597427662713,9.88111992149353,-2.78709419812066
"797",6.65320349913695,9.88253183568068,-0.635735334817625
"798",8.61900440510728,9.88394374986782,2.09705184502489
"799",8.15337678678211,9.88535566405496,0.261267549162929
"800",4.92060574192171,9.88676757824211,-0.807373320163821
"801",0.379263981514117,9.88817949242925,0.83255652605663
"802",-4.44922142669396,9.8895914066164,-0.940369979922435
"803",-7.33913463426801,9.89100332080354,0.848131313464469
"804",-8.37761940436946,9.89241523499068,2.08520416937878
"805",-7.58142745894805,9.89382714917783,1.88760030977022
"806",-4.08277007377887,9.89523906336497,2.38753101041389
"807",-0.5012557147905,9.89665097755212,2.40460473723838
"808",3.60597427662713,9.89806289173926,-0.804037168366387
"809",6.65320349913695,9.8994748059264,0.747321694936648
"810",8.61900440510728,9.90088672011355,0.780108874779168
"811",8.15337678678211,9.90229863430069,-2.5556754210828
"812",4.92060574192171,9.90371054848784,0.775683709590453
"813",0.379263981514117,9.90512246267498,1.8156135558109
"814",-4.44922142669396,9.90653437686212,1.34268704983184
"815",-7.33913463426801,9.90794629104927,0.131188343218742
"816",-8.37761940436946,9.90935820523641,-0.0317388008669521
"817",-7.58142745894805,9.91077011942355,-1.32934266047551
"818",-4.08277007377887,9.9121820336107,-0.029411959831835
"819",-0.5012557147905,9.91359394779784,0.687661766992658
"820",3.60597427662713,9.91500586198499,-0.820980138612114
"821",6.65320349913695,9.91641777617213,0.530378724690921
"822",8.61900440510728,9.91782969035927,1.76316590453344
"823",8.15337678678211,9.91924160454642,2.02738160867147
"824",4.92060574192171,9.92065351873356,-2.14125926065527
"825",0.379263981514117,9.92206543292071,-1.50132941443482
"826",-4.44922142669396,9.92347734710785,1.92574407958611
"827",-7.33913463426801,9.92488926129499,4.21424537297302
"828",-8.37761940436946,9.92630117548214,0.751318228887321
"829",-7.58142745894805,9.92771308966928,0.953714369278764
"830",-4.08277007377887,9.92905523220142,-1.74628515842256
"831",-0.5012557147905,9.93039737473356,-1.62914165994306
"832",3.60597427662713,9.9317395172657,-0.137713793892823
"833",6.65320349913695,9.93308165979784,-0.186285158934787
"834",8.61900440510728,9.93442380232998,0.146571792562737
"835",8.15337678678211,9.93576594486212,0.710857268355777
"836",4.92060574192171,9.93710808739426,2.54228617068403
"837",0.379263981514117,9.93845022992639,-1.41771421144051
"838",-4.44922142669396,9.93979237245853,-0.59057094576457
"839",-7.33913463426801,9.94113451499067,-1.10199988072266
"840",-8.37761940436946,9.94247665752281,-5.96485725315335
